{"Grass":97.93415106520335,"Sheep":1.6785022595222725,"Wolf":0,"Human":0.38734667527437056,"Grass_t":1517,"Sheep_t":26,"Wolf_t":0,"Human_t":6,"old":[0.2,"Sheep"],"ill_c":0,"ill_g":0}