{"Grass":143.488125,"Sheep":0.43312500000000004,"Wolf":0,"Human":0.37124999999999997,"Grass_t":2319,"Sheep_t":7,"Wolf_t":0,"Human_t":6,"old":[0.6,"KingMessi999"],"ill_c":0,"ill_g":0,"grass_new":7317,"grass_old":6036}