{"Grass":97.9428391959799,"Sheep":0.062185929648241205,"Wolf":0.49748743718592964,"Human":0.49748743718592964,"Grass_t":1575,"Sheep_t":1,"Wolf_t":8,"Human_t":8,"old":[[19.25,0.25,0.25,0.25,0.25,0.25,0.25,0.25,0.25,0.25],["The BestChicken13","WarriorSafaryan555","AngryLightning;)","AngrySafaryan;(","KillerSummer222","FatHayk222","FatRain444","WarriorHaykO)","RebelAregO)","TxmarGvidon13"]],"ill_c":1,"ill_g":1573,"grass_new":142984,"grass_old":142444}