{"Grass":98.25235997482693,"Sheep":0.24921334172435497,"Wolf":0.24921334172435497,"Human":0.24921334172435497,"Grass_t":1577,"Sheep_t":4,"Wolf_t":4,"Human_t":4,"old":[[4.75,4.75,4.75,4.5,"","","","","",""],["HappyHrant:D","#Hrant7","WinnerSafaryanO)","DuxovKhachatryan>>>","","","","","",""]],"ill_c":4,"ill_g":1568,"grass_new":7586,"grass_old":7203}