{"Grass":98.25657071339174,"Sheep":0.24780976220275344,"Wolf":0,"Human":0.4956195244055069,"Grass_t":1586,"Sheep_t":4,"Wolf_t":0,"Human_t":8,"old":[1.6000000000000008,"Sheep"],"ill_c":0,"ill_g":0}