{"Grass":204.125625,"Sheep":3.031875,"Wolf":0,"Human":0.495,"Grass_t":3299,"Sheep_t":49,"Wolf_t":0,"Human_t":8,"old":[1.2000000000000004,"Sheep"],"ill_c":0,"ill_g":0,"grass_new":28094,"grass_old":25829}